index,skt,eva,prep,slt,ssrd,sm
1,272.5587336,-3.97E-06,0,3.000045778,126492.0189,0.29429853
2,276.2753679,-7.53E-06,0,3.000045778,34766.8122,0.349925488
3,277.2058028,-6.38E-06,0,3.000045778,53058.05576,0.320037037
4,274.1172647,-1.32E-05,0,3.000045778,21250.12119,0.347598046
5,273.6284663,-2.62E-06,0,3.000045778,103089.9867,0.343853593
6,275.1037752,-1.88E-06,0,3.000045778,122255.4441,0.343840867
7,271.5462921,-5.40E-06,0,3.000045778,125348.8161,0.333139151
8,271.9077858,-7.63E-06,0,3.000045778,133821.9657,0.330867261
9,271.9389839,-7.21E-06,8.800000191,3.000045778,137049.8322,0.327571899
10,272.8845722,-3.41E-06,0.200000003,3.000045778,134225.449,0.314785421
11,273.5841406,-4.99E-06,0,3.000045778,136848.0906,0.320535243
12,276.635646,-2.95E-06,0,3.000045778,132678.763,0.292992473
13,279.9294438,-2.44E-06,0,3.000045778,104905.6616,0.283184797
14,280.7250377,-1.98E-06,0,3.000045778,121246.7358,0.333132476
15,279.8873871,0,0.100000001,3.000045778,144110.7902,0.327497303
16,268.6734671,-2.91E-05,0.600000024,3.000045778,107999.0336,0.322654456
17,270.1666036,-1.36E-05,0,3.000045778,165293.6642,0.301695168
18,278.6548566,-7.58E-06,0,3.000045778,41357.03966,0.325172573
19,278.0018829,-2.21E-06,0,3.000045778,86479.92358,0.324425459
20,280.7407584,-2.44E-06,0.800000012,3.000045778,173901.3082,0.325009525
21,280.5045436,-1.24E-05,0,3.000045778,61329.46369,0.34229061
22,280.922275,-3.13E-06,0,3.000045778,80225.93222,0.300667495
23,282.8817634,0,0,3.000045778,171816.6444,0.327242553
24,282.6935209,-5.22E-06,0,3.000045778,55209.96676,0.345355958
25,281.9762871,-8.04E-06,0,3.000045778,65364.29683,0.329932094
26,282.4941767,-1.28E-05,0.300000012,3.000045778,85538.46252,0.307873636
27,279.3251717,-1.65E-05,0,3.000045778,182239.9634,0.326334983
28,283.0611732,-4.94E-06,0,3.000045778,244847.1242,0.282869488
29,292.6840673,-1.58E-05,0,3.000045778,245788.5853,0.29240486
30,282.7087554,-2.60E-05,0,3.000045778,32749.39563,0.286934257
31,282.4460424,-2.00E-05,0.100000001,3.000045778,266500.7287,0.295868039
32,278.6824893,-3.91E-05,0.100000001,3.000045778,52990.80854,0.272462785
33,277.1597754,-4.48E-05,0,3.000045778,130526.852,0.371124148
34,277.6368238,-2.48E-05,0,3.000045778,196899.8571,0.360164732
35,278.3773955,-2.45E-05,0,3.000045778,59917.27209,0.357975692
36,275.7282249,-1.16E-05,0,3.000045778,19299.95184,0.396241575
37,277.2120424,-2.89E-05,0,3.000045778,335765.3643,0.364391565
38,283.5728232,-1.60E-05,7.700000286,3.000045778,360445.0936,0.35984838
39,279.749953,-1.34E-05,4.800000191,3.000045778,39743.1064,0.35639441
40,280.1787051,-2.43E-05,0.200000003,3.000045778,90447.5095,0.375041097
41,280.0898916,-7.35E-06,22.89999962,3.000045778,226421.3862,0.389443904
42,276.6824028,-2.53E-05,0.100000001,3.000045778,134090.9546,0.405758679
43,274.9025673,-5.06E-05,4,3.000045778,68255.92724,0.39802283
44,275.9188984,-2.10E-05,0,3.000045778,50099.17812,0.412203938
45,279.0692656,-2.23E-05,0,3.000045778,195487.6655,0.373287469
46,280.7608549,-2.07E-05,0,3.000045778,163814.2254,0.36577788
47,275.0505357,-4.91E-05,0,3.000045778,58975.81103,0.392946333
48,275.446631,-2.38E-05,0,3.000045778,157896.4701,0.371830374
49,280.5957071,-1.42E-05,0,3.000045778,351030.483,0.375349581
50,278.0911016,-2.61E-05,0,3.000045778,155139.3341,0.381243318
51,280.1982343,-2.00E-05,0,3.000045778,530513.3104,0.355695993
52,278.2723751,-1.93E-05,0,3.000045778,339060.478,0.367414832
53,282.5627317,-2.47E-05,0,3.000045778,550620.2288,0.349003345
54,284.4730323,-2.64E-05,0,3.000045778,573282.5416,0.349245995
55,285.9040966,-3.73E-05,0,3.000045778,552368.6565,0.349940658
56,285.1409163,-4.72E-05,0,3.000045778,517332.8554,0.351836562
57,281.5146351,-3.40E-05,0,3.000045778,48619.73931,0.413820297
58,277.1368427,-8.99E-05,0,3.000045778,95154.81483,0.379152596
59,280.9307026,-3.30E-05,0,3.000045778,689351.2415,0.360419542
60,284.3674447,-5.36E-05,0.300000012,3.000045778,678188.2032,0.350279242
61,286.234473,-3.91E-05,0.100000001,3.000045778,685450.9028,0.352383733
62,289.7212943,-5.54E-05,0,3.000045778,687266.5778,0.350651234
63,292.5230523,-4.50E-05,0,3.000045778,585185.2994,0.341101766
64,290.2980959,-1.81E-05,0,3.000045778,288490.5693,0.343206316
65,288.5077259,-6.85E-05,7.900000095,3.000045778,709794.3961,0.342980206
66,291.2982202,-8.35E-05,15.5,3.000045778,518879.5415,0.362333208
67,285.2340246,-8.88E-05,0,3.000045778,630375.4305,0.360827714
68,278.0432104,-8.29E-05,20.30000114,3.000045778,411418.4856,0.37749818
69,284.1724764,-5.47E-05,0,3.000045778,774889.7041,0.364162415
70,282.2659844,-7.60E-05,0,3.000045778,866211.4274,0.357450128
71,286.9547862,-7.03E-05,3.799999952,3.000045778,750411.7164,0.344223976
72,280.8802183,-8.01E-05,0,3.000045778,175380.747,0.391044378
73,280.8311115,-7.50E-05,2.200000048,3.000045778,116539.4305,0.377379984
74,281.7506878,-2.97E-05,0,3.000045778,186274.7965,0.358265519
75,283.3286671,-6.35E-05,0,3.000045778,772737.7931,0.348051757
76,281.3560512,-6.30E-05,0,3.000045778,937089.9962,0.342190295
77,283.7905621,-7.06E-05,1.700000048,3.000045778,914898.4139,0.311418712
78,287.3384022,-5.61E-05,0.400000006,3.000045778,552301.4093,0.337912679
79,283.0121475,-2.95E-05,8.400000572,3.000045778,178608.6136,0.326908499
80,285.6591301,-9.05E-05,0,3.000045778,912275.7724,0.352625579
81,287.4580087,-6.85E-05,0.200000003,3.000045778,1000100.64,0.340716273
82,286.8960364,-8.95E-05,0,3.000045778,883292.221,0.318099409
83,288.1893425,-7.44E-05,0,3.000045778,1027201.27,0.335436225
84,288.8706782,-0.000117236,0,3.000045778,1080595.561,0.299718648
85,290.504409,-0.000112511,0,3.000045778,1096600.4,0.348476529
86,293.1650864,-7.74E-05,0,3.000045778,905618.2977,0.317921937
87,294.1243695,-5.35E-05,8.699999809,3.000045778,650280.6073,0.328926921
88,290.0656897,-3.90E-05,7.300000191,3.000045778,220772.6198,0.355669469
89,293.3094084,-8.62E-05,0,3.000045778,899700.5424,0.334145904
90,292.4554698,-0.000123768,0,3.000045778,1110453.327,0.330694318
91,285.6154527,-0.000100281,0,3.000045778,469789.0716,0.325275272
92,290.8877008,-0.000101115,0,3.000045778,1072996.626,0.313747972
93,295.1908608,-6.97E-05,0.300000012,3.000045778,742812.7806,0.311250716
94,291.897063,-7.46E-05,20,3.000045778,539726.1794,0.345093042
95,288.4448434,-7.86E-05,0,3.000045778,297299.955,0.362195045
96,292.1778466,-0.000109037,0,3.000045778,1172186.274,0.344228774
97,292.9996146,-0.000149619,0,3.000045778,1153962.277,0.338543057
98,291.2767461,-9.56E-05,51.10000229,3.000045778,628963.2389,0.341773123
99,288.7751388,-0.000104774,0.699999988,3.000045778,673077.4146,0.381545067
100,287.4311053,-0.000129467,0.200000003,3.000045778,1223294.16,0.351294219
101,287.8621263,-0.000135304,0.100000001,3.000045778,1284892.613,0.328468829
102,289.841225,-0.000130995,0.100000001,3.000045778,1306142.734,0.337599248
103,292.3241133,-0.000140956,0.699999988,3.000045778,1259540.411,0.323804706
104,292.7454913,-0.000130625,0,3.000045778,1073467.356,0.306988895
105,293.396196,-7.27E-05,0,3.000045778,557815.6813,0.329392523
106,294.9554564,-0.000122842,3.799999952,3.000045778,1073467.356,0.338785827
107,288.8529317,-3.05E-05,2.400000095,3.000045778,114387.5194,0.381341249
108,290.2263806,-7.88E-05,0,3.000045778,908039.1976,0.331937611
109,291.7394515,-0.000125158,0.5,3.000045778,1369422.367,0.333672523
110,292.3318926,-0.00013396,0,3.000045778,1338421.399,0.330847353
111,292.8544012,-0.000149341,0,3.000045778,1381728.608,0.337499768
112,293.6687951,-0.000168288,0,3.000045778,1401364.796,0.32965675
113,295.3827498,-0.000144615,0,3.000045778,1357048.879,0.324383587
114,297.72788,-0.000161942,0,3.000045778,1389394.791,0.330660045
115,299.4680898,-0.000180009,0,3.000045778,1335731.51,0.345712632
116,300.2185477,-0.000113299,0,3.000045778,972596.5278,0.350684017
117,291.8079254,-0.000158838,0,3.000045778,744493.9611,0.384218574
118,292.908208,-6.45E-05,1,3.000045778,460239.9666,0.347294837
119,291.9848231,-9.25E-05,0.300000012,3.000045778,459164.011,0.344674528
120,295.9713824,-0.000126733,19.80000114,3.000045778,1039440.263,0.343902886
121,287.5556549,-6.22E-05,13.90000057,3.000045778,64557.3302,0.356682062
122,293.3567323,-0.000158421,0,3.000045778,1239635.234,0.377896011
123,294.009463,-0.000139797,0,3.000045778,1336672.971,0.364568263
124,296.4786566,-0.000143179,4.599999905,3.000045778,1365185.792,0.361571342
125,289.3241456,-8.12E-05,4.700000286,3.000045778,158030.9646,0.341141611
126,293.11444,-0.000183298,0,3.000045778,1367337.703,0.353720307
127,296.6187647,-0.000156521,0,3.000045778,1440166.441,0.350390345
128,290.6695567,-5.26E-05,0.400000006,3.000045778,299451.866,0.346313089
129,295.8439155,-0.000123305,7,3.000045778,1256917.77,0.33922565
130,289.1272325,-0.000111631,29.10000038,3.000045778,283379.7807,0.296678066
131,292.1894345,-0.000183483,0.300000012,3.000045778,1359873.262,0.361566573
132,295.2015573,-0.000141048,0.100000001,3.000045778,1341985.502,0.325126618
133,295.8394587,-9.58E-05,0,3.000045778,702800.6853,0.353575528
134,296.6639008,-7.71E-05,0,3.000045778,683904.2168,0.333119124
135,297.192487,-0.00016083,0,3.000045778,1437409.305,0.337914973
136,296.7814814,-0.000148599,0,3.000045778,1404323.674,0.331616551
137,298.6001323,-0.000144013,0,3.000045778,1473655.556,0.334673911
138,294.1096212,-7.43E-05,2.799999952,3.000045778,666419.9399,0.372701257
139,298.6925113,-0.000110797,0,3.000045778,1327594.597,0.321033061
140,299.8177524,-0.000142021,0.100000001,3.000045778,1420463.006,0.333998978
141,299.7789371,-0.000136833,10.60000038,3.000045778,1412662.329,0.322745502
142,300.7855441,-0.000134933,0,3.000045778,1335597.016,0.380183458
143,302.0394675,-0.000108944,7.200000286,3.000045778,1056184.821,0.348264992
144,295.9238963,-5.10E-05,23.10000038,3.000045778,450892.6031,0.381047219
145,295.4948201,-2.24E-05,0,3.000045778,64221.09411,0.415053397
146,298.7314078,-0.000162636,0,3.000045778,1174136.443,0.37036851
147,299.4855122,-0.000173523,0,3.000045778,1355569.44,0.379940629
148,297.1432992,-8.62E-05,0,3.000045778,507918.2448,0.360059708
149,299.4722226,-0.000180935,0,3.000045778,1405466.876,0.363127142
150,299.6718909,-0.000156846,19.10000038,3.000045778,1204330.444,0.359208554
151,299.3331678,-0.000158143,0,3.000045778,1343330.446,0.377469182
152,300.9204661,-0.000145403,0,3.000045778,1307151.442,0.364804029
153,301.0988224,-0.000173848,2.600000143,3.000045778,1367068.714,0.359140486
154,302.156562,-0.000172319,0,3.000045778,1379576.697,0.362148881
155,303.6214985,-0.000182233,34.20000076,3.000045778,1294239.976,0.345061004
156,302.1185569,-0.000201921,0.200000003,3.000045778,1109511.866,0.366382986
157,302.3089873,-0.000116958,0.5,3.000045778,605762.9484,0.346517205
158,301.5371364,-0.000232126,0,3.000045778,1263507.997,0.373016745
159,300.5337708,-0.00018719,0,3.000045778,1016441.715,0.343848914
160,302.4401817,-0.000231061,0,3.000045778,1401297.549,0.339156181
161,302.0569709,-0.000188023,0.600000024,3.000045778,1384418.497,0.335130513
162,299.5224638,-0.000154993,2.100000143,3.000045778,965939.0531,0.337645173
163,303.0614711,-0.000117144,0,3.000045778,640798.7495,0.336041689
164,301.6768394,-0.000199744,20.89999962,3.000045778,1173800.207,0.308641106
165,297.9871895,-4.83E-05,18.89999962,3.000045778,96163.52311,0.356715202
166,292.0245298,-0.000169632,8.699999809,3.000045778,87017.90133,0.364642382
167,298.5955944,-0.000201597,0,3.000045778,1375743.605,0.368485451
168,299.4924001,-0.000178434,0.900000036,3.000045778,1273796.822,0.329519182
169,299.8944108,-0.00018075,0,3.000045778,1327123.866,0.3373698
170,300.1497496,-0.000181028,0,3.000045778,1100097.255,0.332417309
171,301.2678597,-0.000236527,0,3.000045778,1248713.609,0.272956401
172,300.65281,-5.04E-05,45.5,3.000045778,199993.2292,0.37566483
173,300.2991767,-0.000159857,56.60000229,3.000045778,739652.1613,0.371381491
174,302.7789048,-0.00018895,0.5,3.000045778,934400.1074,0.377083272
175,301.1224844,-0.000239075,0.600000024,3.000045778,1123028.557,0.289845973
176,301.5531812,-0.000102782,0.200000003,3.000045778,506775.0421,0.355997056
177,302.9836782,-0.000133868,0.100000001,3.000045778,808513.3135,0.339237809
178,301.3460578,-0.000178202,0.100000001,3.000045778,827275.2876,0.326105773
179,303.4001131,-0.000132385,0,3.000045778,824114.6683,0.324849576
180,302.9553973,-0.000186124,0,3.000045778,961904.22,0.30034703
181,302.2948064,-0.000170883,2.299999952,3.000045778,787464.934,0.335378468
182,303.5511608,-0.000195389,0,3.000045778,980060.9691,0.299797595
183,303.3960614,-0.000230088,0,3.000045778,1087253.036,0.330803186
184,304.1393072,-0.000227772,0,3.000045778,1136948.731,0.304907203
185,305.3334274,-0.000174589,0,3.000045778,1171379.307,0.316924065
186,304.9273649,-0.000213179,0,3.000045778,850879.0615,0.319738954
187,303.475637,-0.00023574,42.20000076,3.000045778,1151003.4,0.282738447
188,299.0756411,-0.000104358,30.30000114,3.000045778,407585.3941,0.389484286
189,298.99015,-0.000131968,34.60000229,3.000045778,579469.2858,0.379008949
190,298.7147147,-0.000177693,0,3.000045778,768770.2071,0.37266767
191,298.9236209,-0.000174264,0,3.000045778,1029554.922,0.363999635
192,300.0401914,-0.00016801,8.900000572,3.000045778,1146968.567,0.341468662
193,296.437005,-7.33E-05,21.70000076,3.000045778,335496.3754,0.347833782
194,296.7889366,-0.00010496,0,3.000045778,243703.9215,0.344904333
195,297.8515382,-0.000141789,23.5,3.000045778,885107.8959,0.367434859
196,298.007367,-6.41E-05,8.400000572,3.000045778,303755.688,0.42633149
197,298.2172457,-7.79E-05,10.90000057,3.000045778,388487.1839,0.365614623
198,299.3817073,-0.000140261,0,3.000045778,713425.7459,0.382119864
199,298.0719513,-7.48E-05,0,3.000045778,326485.248,0.367592365
200,297.4701102,-0.000131227,0.100000001,3.000045778,637705.3774,0.392356753
201,299.1631581,-5.83E-05,2.400000095,3.000045778,290037.2554,0.397263408
202,299.4809742,-4.98E-05,0,3.000045778,203759.0734,0.382525414
203,299.2334958,-8.16E-05,1.300000072,3.000045778,366968.0739,0.377866715
204,299.4679277,-8.12E-05,0.400000006,3.000045778,314716.9847,0.383507013
205,300.2983664,-9.16E-05,3.600000143,3.000045778,322046.9316,0.377246082
206,299.7586785,-0.000137713,0.200000003,3.000045778,692915.3441,0.381346345
207,297.1447578,-9.79E-05,2.700000048,3.000045778,108335.2697,0.371495754
208,298.5162619,-7.21E-05,0,3.000045778,131199.3242,0.406588286
209,300.9928296,-0.000150545,0.5,3.000045778,1017584.917,0.381155282
210,300.389773,-0.000121174,0.200000003,3.000045778,670858.2563,0.356641591
211,300.9761366,-0.000147997,0,3.000045778,989408.3325,0.369332492
212,301.5437812,-0.000159811,0.300000012,3.000045778,942873.257,0.362745404
213,301.2463857,-0.000174913,0,3.000045778,912006.7835,0.383918911
214,302.0558365,-0.00016222,0.400000006,3.000045778,882283.5127,0.355463564
215,301.744584,-6.94E-05,0.900000036,3.000045778,377122.4039,0.38937813
216,302.8355477,-0.000188348,0,3.000045778,898153.8564,0.38267526
217,302.514247,-0.000132663,7.800000191,3.000045778,753572.3356,0.375802159
218,302.1976463,-0.000166899,0.100000001,3.000045778,882485.2544,0.376166195
219,301.8444992,-0.000149433,18.60000038,3.000045778,720890.1872,0.363778919
220,300.6037033,-0.000120248,0,3.000045778,526074.9939,0.395310044
221,300.9797021,-9.37E-05,0,3.000045778,524326.5662,0.34424904
222,302.2542893,-0.000152167,0,3.000045778,879257.3879,0.381585628
223,302.9835162,-0.000160552,2.400000095,3.000045778,963316.4116,0.348268092
224,301.9439282,-0.000168798,0,3.000045778,867018.394,0.382996559
225,299.8910884,-0.000154529,6,3.000045778,788809.8784,0.368854344
226,292.5296971,-0.000118441,7.900000095,3.000045778,97844.70358,0.369180977
227,291.4452162,-0.000108851,4.099999905,3.000045778,93540.88157,0.410326093
228,293.9783458,-6.93E-05,0.600000024,3.000045778,253791.0043,0.374968976
229,296.1012802,-8.93E-05,0,3.000045778,529033.8715,0.387777925
230,298.6695786,-7.34E-05,0,3.000045778,517265.6082,0.364790082
231,298.8301885,-0.000125344,0,3.000045778,662519.6012,0.37003693
232,298.9741052,-8.33E-05,0,3.000045778,456003.3918,0.351490587
233,300.2823216,-0.000100466,0,3.000045778,764869.8684,0.348505884
234,300.5652121,-0.000118348,0,3.000045778,897952.1148,0.353725553
235,299.1625908,-0.000118395,0,3.000045778,848256.4199,0.331423759
236,296.1853127,-7.89E-05,0,3.000045778,398170.7835,0.372227162
237,295.0501854,-0.000100096,0,3.000045778,302343.4964,0.355444044
238,296.6322164,-5.22E-05,0,3.000045778,220032.9004,0.350656211
239,298.8326195,-0.000113345,0,3.000045778,857469.2889,0.331156313
240,293.7792448,-7.28E-05,0.400000006,3.000045778,232137.3998,0.350943595
241,295.8317604,-0.000133497,0,3.000045778,846911.4756,0.343451947
242,296.5966424,-8.99E-05,3.5,3.000045778,667159.6593,0.333644271
243,293.6815985,-4.98E-05,7.099999905,3.000045778,66910.98286,0.401251107
244,295.3869636,-8.48E-05,9,3.000045778,576712.1498,0.378691554
245,296.3611569,-8.76E-05,9.100000381,3.000045778,501529.759,0.400619239
246,294.7213485,-4.91E-05,0.5,3.000045778,200329.4653,0.405155957
247,296.1763179,-8.46E-05,0,3.000045778,357889.6993,0.369411469
248,294.6574936,-8.82E-05,8.199999809,3.000045778,655862.1265,0.371346742
249,291.3085925,-6.76E-05,0,3.000045778,22057.08782,0.399680167
250,293.7086639,-9.23E-05,0,3.000045778,667899.3787,0.368434876
251,296.5177961,-6.43E-05,0,3.000045778,557008.7146,0.37709713
252,297.3231951,-4.37E-05,0,3.000045778,203422.8373,0.37612766
253,295.2440192,-7.18E-05,0,3.000045778,415520.5659,0.36967957
254,295.6505679,-5.24E-05,0,3.000045778,390101.1172,0.391979337
255,294.9160738,-3.78E-05,0.400000006,3.000045778,287145.625,0.357882082
256,294.7805035,-6.32E-05,0,3.000045778,393530.7253,0.381452978
257,294.5574163,-5.70E-05,0,3.000045778,420496.8601,0.376365781
258,295.160635,-6.80E-05,0,3.000045778,601324.6319,0.348946154
259,294.2532139,-6.62E-05,0,3.000045778,657408.8125,0.365975499
260,294.0857162,-7.72E-05,0,3.000045778,783833.5842,0.330977321
261,293.5938385,-7.35E-05,0,3.000045778,809118.5385,0.349000216
262,293.0746522,-7.94E-05,0,3.000045778,704212.8769,0.346319795
263,293.1960415,-7.81E-05,0,3.000045778,799031.4557,0.344577521
264,293.9491735,-7.44E-05,0,3.000045778,788204.6534,0.348062664
265,293.1188159,-6.55E-05,0,3.000045778,493594.5872,0.353448868
266,293.7026674,-7.31E-05,0,3.000045778,655122.4071,0.333131969
267,291.1492793,-3.83E-05,2.100000143,3.000045778,255404.9376,0.251012415
268,293.1514727,-6.41E-05,0.300000012,3.000045778,523654.094,0.348628551
269,292.0952727,-4.63E-05,0.300000012,3.000045778,228371.5556,0.326241106
270,291.3363873,-2.08E-05,1.100000024,3.000045778,113244.3167,0.362689167
271,291.1401224,-4.03E-05,0.100000001,3.000045778,356208.5188,0.226981759
272,288.4482468,-7.43E-05,0,3.000045778,740122.8919,0.344473273
273,289.5546069,-5.55E-05,0,3.000045778,722369.6261,0.330636144
274,291.3658027,-5.67E-05,0,3.000045778,655055.1599,0.330262035
275,287.9875673,-8.18E-05,0,3.000045778,720284.9623,0.328689724
276,291.8929303,-5.24E-05,0.100000001,3.000045778,572273.8333,0.298492521
277,288.5456499,-7.69E-05,0,3.000045778,656467.3515,0.321741343
278,290.0573432,-6.01E-05,0,3.000045778,675767.3033,0.335930526
279,291.9402543,-4.54E-05,0,3.000045778,641874.705,0.32347244
280,291.001878,-3.30E-05,0,3.000045778,390504.6005,0.321529984
281,291.2444945,-3.36E-05,0,3.000045778,372347.8514,0.322276831
282,290.9292714,-3.41E-05,0,3.000045778,595743.1128,0.312240422
283,290.0878931,-3.10E-05,0,3.000045778,593187.7184,0.302727818
284,291.5435107,-2.60E-05,0,3.000045778,536431.0656,0.300542325
285,290.2323771,-4.20E-05,0.100000001,3.000045778,340001.9391,0.286237538
286,291.889932,-4.02E-05,0,3.000045778,491846.1595,0.316860706
287,292.8710133,-2.85E-05,0.100000001,3.000045778,425943.8849,0.285175055
288,294.4265461,-4.50E-05,0,3.000045778,364748.9156,0.360844225
289,291.2262618,-3.99E-05,0,3.000045778,491846.1595,0.33525914
290,286.4970239,-6.10E-05,0,3.000045778,228506.05,0.36562705
291,277.1908925,-5.84E-05,0,3.000045778,400188.2,0.345813215
292,280.3257011,-3.64E-05,0,3.000045778,548871.8011,0.305719376
293,283.9458237,-3.19E-05,0,3.000045778,505026.6144,0.355875999
294,285.7042662,-1.89E-05,0,3.000045778,479539.9184,0.331653357
295,289.4484521,-2.40E-05,11,3.000045778,343969.525,0.338780701
296,289.9331988,-2.09E-05,0.400000006,3.000045778,161326.0783,0.346972883
297,293.4803095,-2.06E-05,0,3.000045778,425204.1655,0.340744048
298,288.5415982,-8.37E-06,46,3.000045778,153054.6703,0.346026003
299,282.2354345,-4.00E-05,0,3.000045778,38263.66759,0.408606172
300,282.6112712,-3.69E-05,0,3.000045778,47678.27824,0.390602976
301,277.6145394,-2.09E-05,0.300000012,3.000045778,39070.63421,0.428126991
302,276.012736,-2.82E-05,0,3.000045778,112437.3501,0.39665404
303,279.5471244,-1.68E-05,0.100000001,3.000045778,388688.9256,0.351258874
304,276.5190378,-2.51E-05,26.70000076,3.000045778,335160.1393,0.38401565
305,271.9881717,-3.16E-05,0,3.000045778,54806.48345,0.351901442
306,269.5526073,-2.88E-05,0,3.000045778,259641.5124,0.312673002
307,274.8058934,-1.60E-05,0,3.000045778,251370.1045,0.380128324
308,275.0944563,-9.71E-06,0,3.000045778,348004.3581,0.32924515
309,275.591196,-1.19E-05,0,3.000045778,335563.6226,0.371212244
310,276.453238,-1.31E-05,0,3.000045778,333344.4644,0.350645214
311,278.7471546,-1.31E-05,0,3.000045778,328906.1479,0.365758032
312,280.7247946,-1.34E-05,0,3.000045778,322114.1788,0.378738582
313,281.8769391,-1.33E-05,0,3.000045778,301940.0131,0.360103875
314,282.7747982,-8.97E-06,0,3.000045778,256615.3875,0.365843087
315,285.4303705,-6.84E-06,0,3.000045778,267240.4481,0.337384731
316,281.5199834,-7.16E-06,0,3.000045778,90850.99281,0.390830159
317,277.6892529,-3.06E-05,0,3.000045778,95491.05092,0.384457499
318,277.0076741,-5.64E-06,0,3.000045778,240341.5606,0.351092726
319,278.1828323,-2.76E-06,0,3.000045778,170606.1945,0.371440858
320,277.6540841,-4.43E-06,0,3.000045778,219965.6532,0.380250096
321,276.8073575,-1.18E-05,0,3.000045778,242157.2355,0.360334218
322,278.6573687,-1.44E-05,0,3.000045778,142765.8458,0.367793173
323,276.6529063,-1.13E-05,0,3.000045778,231061.4443,0.353165269
324,278.8158716,-1.03E-05,0,3.000045778,218217.2255,0.364171952
325,282.6920623,-1.14E-05,0,3.000045778,172623.6111,0.350668222
326,280.8790838,-5.13E-06,10.30000019,3.000045778,29319.78747,0.391366839
327,282.0040818,-1.17E-05,5.900000095,3.000045778,40415.57859,0.377386332
328,280.3331563,-7.91E-06,0,3.000045778,37053.21765,0.374880373
329,283.2680535,-2.21E-06,0,3.000045778,104434.931,0.378209621
330,279.0470622,-3.04E-05,11,3.000045778,28983.55137,0.399146855
331,277.4415313,-2.79E-05,0,3.000045778,13583.93823,0.39082244
332,278.1999305,-1.03E-05,0.300000012,3.000045778,110957.9113,0.380243063
333,274.0595683,-3.27E-06,0,3.000045778,17484.27693,0.367174327
334,276.0706755,-2.37E-05,0,3.000045778,96298.01755,0.37067607
335,274.478029,-2.72E-06,0,3.000045778,156484.2785,0.372778863
336,271.8427153,-8.92E-06,0,3.000045778,158703.4367,0.361981302
337,272.2661191,-4.57E-06,0,3.000045778,156282.5369,0.346975595
338,276.5984513,-7.95E-06,0,3.000045778,143438.318,0.365747094
339,281.9702905,0,0,3.000045778,135032.4157,0.344854534
340,281.5944538,-5.36E-06,0,3.000045778,72223.51316,0.362184912
341,274.338245,-2.07E-05,0,3.000045778,131199.3242,0.356316298
342,274.1262595,-1.34E-05,0,3.000045778,124272.8606,0.345420539
343,270.7500499,-8.32E-06,0,3.000045778,54806.48345,0.358876526
344,273.1519851,-4.43E-06,0,3.000045778,131468.3131,0.319354236
345,275.5710996,-4.76E-06,0,3.000045778,129047.4132,0.341841936
346,274.4856462,-1.42E-06,0,3.000045778,126559.2661,0.33272019
347,273.1532006,-1.03E-05,0,3.000045778,131602.8075,0.344256043
348,277.6446256,-7.03E-06,0,3.000045778,123880.1239,0.321323097
349,277.7632859,0,0,3.000045778,121865.8129,0.343169868
350,278.8559133,0,0,3.000045778,112465.6951,0.338276863
351,273.0705285,-2.60E-05,0,3.000045778,99372.67392,0.295702666
352,272.3776157,-1.36E-05,0,3.000045778,122335.8188,0.311172664
353,272.1889498,-8.53E-06,0,3.000045778,119918.6457,0.251398116
354,273.333248,-7.74E-06,0,3.000045778,119717.2146,0.296656042
355,277.7820176,-2.78E-06,0,3.000045778,117904.3347,0.335732996
356,274.1740297,-2.27E-05,0,3.000045778,29476.08368,0.369196445
357,270.3316579,-1.18E-05,0,3.000045778,139054.5998,0.244909406
358,275.5554104,-1.22E-05,0,3.000045778,130728.7812,0.311720133
359,275.8220985,-7.00E-06,0,3.000045778,78356.69626,0.337918043
360,277.6422445,-1.34E-06,0,3.000045778,127170.1651,0.265997499
361,280.8850444,-2.38E-06,0,3.000045778,31624.68204,0.367259562
362,275.0560846,-8.01E-06,0,3.000045778,107161.343,0.31859988
363,278.7314589,-6.57E-06,0,3.000045778,144761.8142,0.336570829
364,274.926471,-1.56E-05,0,3.000045778,150939.0344,0.336981744
365,280.9308417,-8.26E-06,19.70000076,3.000045778,21485.98355,0.304148018
366,280.551843,-1.34E-06,0.300000012,3.000045778,134153.1098,0.343855888
367,278.4896141,-1.76E-05,0,3.000045778,71910.90119,0.35771516
368,277.348967,-1.23E-05,0,3.000045778,150603.3159,0.359799743
369,277.7413001,-2.56E-06,0,3.000045778,179273.6752,0.351651341
370,279.1088701,-3.60E-06,0,3.000045778,183638.0157,0.346026063
371,279.9971953,-7.61E-06,0,3.000045778,98499.80584,0.350573301
372,278.7674141,-4.38E-05,0,3.000045778,29408.93998,0.350268006
373,281.2062606,-5.99E-06,0,3.000045778,54050.67737,0.348769367
374,284.9845003,-4.49E-06,19.20000076,3.000045778,52707.8034,0.355113
375,281.4474704,-8.26E-06,10.40000057,3.000045778,135025.9779,0.369149357
376,273.9929041,-4.60E-05,1.100000024,3.000045778,12824.44643,0.416634738
377,270.64962,-5.17E-05,0,3.000045778,23097.43232,0.330410421
378,270.9631372,-1.43E-05,0,3.000045778,262397.5741,0.33372888
379,274.9890157,-1.38E-05,0,3.000045778,251050.289,0.38214919
380,273.4427806,-9.14E-06,0,3.000045778,57743.58079,0.339042693
381,273.1673616,-1.53E-05,0,3.000045778,215799.8473,0.331129432
382,273.595015,-1.09E-05,0,3.000045778,301542.3504,0.306050003
383,273.3485667,-7.77E-06,0,3.000045778,238158.6989,0.330529243
384,277.2373707,-1.63E-05,0,3.000045778,342835.725,0.367006212
385,279.8427385,-1.93E-05,0,3.000045778,348542.9394,0.372520417
386,281.5885929,-1.92E-05,0,3.000045778,360293.0867,0.34231323
387,282.8987774,-6.33E-06,0,3.000045778,348274.3646,0.348955274
388,289.5970926,-2.07E-05,0,3.000045778,225065.6777,0.346269011
389,285.588517,-1.32E-05,5.700000286,3.000045778,244604.494,0.34268865
390,281.1872908,-3.87E-05,0,3.000045778,64927.95654,0.368400574
391,281.2171345,-3.34E-05,0,3.000045778,52103.51011,0.369577944
392,285.9346559,-1.90E-05,1.399999976,3.000045778,382651.9383,0.378671139
393,279.8301184,-2.72E-05,0,3.000045778,79296.70804,0.384044886
394,278.2453087,-4.81E-05,7.200000286,3.000045778,51767.79162,0.353212535
395,276.8167814,-2.98E-05,20.70000076,3.000045778,31624.68204,0.409450173
396,279.5032668,-1.57E-05,28.10000038,3.000045778,55930.70093,0.38475427
397,277.5041382,-3.50E-05,0,3.000045778,55393.55134,0.401960105
398,272.1483116,-3.94E-05,0,3.000045778,73320.91887,0.394262075
399,276.003621,-2.17E-05,0,3.000045778,533993.8349,0.371185839
400,274.6955001,-3.12E-05,0,3.000045778,428846.8029,0.375084102
401,271.7737578,-4.21E-05,0,3.000045778,381174.7769,0.365273625
402,276.9266315,-4.17E-05,0,3.000045778,631016.4794,0.378071249
403,282.7996424,-4.76E-05,0,3.000045778,614566.2732,0.365570456
404,285.7577369,-7.45E-05,0,3.000045778,615439.1413,0.359047771
405,285.6167732,-4.23E-05,0,3.000045778,597511.7738,0.346195102
406,284.5072397,-2.04E-05,0.100000001,3.000045778,254676.0488,0.385826945
407,281.9815609,-5.27E-05,0,3.000045778,145768.9696,0.360934436
408,283.0960948,-4.88E-05,0,3.000045778,703800.2487,0.354208142
409,284.6440761,-4.86E-05,0,3.000045778,700711.6385,0.349586725
410,284.1616565,-4.79E-05,0,3.000045778,581934.4357,0.342155725
411,293.0213356,-5.63E-05,0,3.000045778,712058.9236,0.345864803
412,284.6309005,-7.35E-05,0,3.000045778,146843.2688,0.358003169
413,286.3838189,-8.04E-05,0,3.000045778,770339.654,0.354156464
414,286.1055426,-6.32E-05,3.200000048,3.000045778,497937.6688,0.354803622
415,279.3108704,-9.66E-05,18.5,3.000045778,60160.75394,0.413461298
416,278.379129,-3.52E-05,0.900000036,3.000045778,76678.1038,0.418509245
417,280.4700904,-7.18E-05,0,3.000045778,699905.9142,0.369477093
418,282.4494556,-5.93E-05,0,3.000045778,862863.6706,0.372341305
419,281.5073165,-4.07E-05,0.100000001,3.000045778,373788.9701,0.362133324
420,286.221663,-5.12E-05,0,3.000045778,843794.8602,0.360241652
421,285.9071933,-7.57E-05,1.600000024,3.000045778,773629.6952,0.358384043
422,284.9616413,-6.15E-05,0.400000006,3.000045778,399102.1444,0.379436523
423,289.1747571,-6.84E-05,32,3.000045778,754695.1722,0.369833589
424,281.6455816,-6.85E-05,0.699999988,3.000045778,65330.81873,0.39529109
425,283.1906262,-7.07E-05,0,3.000045778,768325.343,0.367476493
426,284.5089859,-9.56E-05,0,3.000045778,940683.2173,0.370352834
427,286.7281322,-7.86E-05,0,3.000045778,676539.907,0.366304368
428,289.6105063,-7.01E-05,0,3.000045778,951291.9217,0.350515097
429,282.2877759,-8.22E-05,0,3.000045778,815527.3631,0.355189353
430,283.2747599,-0.0001026,0,3.000045778,978283.6885,0.351343513
431,281.9271915,-7.60E-05,1.5,3.000045778,697958.7469,0.344236225
432,286.7641668,-7.80E-05,0.300000012,3.000045778,1012661.262,0.339557678
433,288.1749943,-5.90E-05,0,3.000045778,790281.3325,0.334588498
434,284.2463458,-3.88E-05,31.5,3.000045778,345655.7604,0.340263784
435,282.7367802,-0.000107406,0,3.000045778,631822.2038,0.364078879
436,276.7080426,-8.85E-05,0.600000024,3.000045778,121462.9508,0.351387173
437,280.359526,-0.000103273,0,3.000045778,1092897.982,0.358326554
438,284.7106688,-8.67E-05,0,3.000045778,1131707.04,0.346359819
439,288.9711693,-9.20E-05,19.70000076,3.000045778,1129961.304,0.36874184
440,287.9794231,-5.55E-05,13.60000038,3.000045778,200088.2218,0.388337284
441,290.3631858,-1.34E-05,0,3.000045778,77483.82818,0.386861563
442,288.5060526,-8.53E-05,0,3.000045778,819421.6976,0.370453447
443,283.8784591,-2.16E-05,20.5,3.000045778,78625.27105,0.367408931
444,285.716305,-6.82E-05,0,3.000045778,562865.6253,0.383152932
445,286.8364742,-0.000103059,0.5,3.000045778,1142181.457,0.353810877
446,287.9682317,-0.000119681,0,3.000045778,1221411.021,0.338954419
447,287.2786526,-0.000103794,1.200000048,3.000045778,588783.093,0.353729218
448,287.1287993,-7.56E-05,0,3.000045778,531442.3744,0.360277206
449,289.665352,-0.000189046,0.100000001,3.000045778,1290636.174,0.347044766
450,284.2710303,-0.000191312,0,3.000045778,856149.3008,0.346485019
451,287.2484914,-0.0001532,0,3.000045778,1336361.033,0.329256862
452,289.0614147,-0.000140038,0,3.000045778,1323872.305,0.329818547
453,292.50304,-0.000138629,0.100000001,3.000045778,1343813.984,0.327748656
454,295.265087,-0.000146833,0,3.000045778,1279758.895,0.332251698
455,296.5566986,-0.000165414,0,3.000045778,1330720.962,0.317984074
456,296.0681673,-0.000174261,24.70000076,3.000045778,1014272.711,0.3381446
457,293.4342258,-5.78E-05,0,3.000045778,172290.7306,0.374822438
458,290.6897993,-0.000179526,0,3.000045778,1157020.214,0.355345994
459,293.3888254,-0.000141476,0.400000006,3.000045778,1359055.603,0.335073888
460,289.4613674,-6.81E-05,14,3.000045778,430391.108,0.347784877
461,288.1615012,-7.54E-05,0.699999988,3.000045778,347468.6402,0.349722147
462,291.1207862,-0.000117599,0.200000003,3.000045778,1302654.896,0.33792308
463,292.4696246,-0.000153078,0.400000006,3.000045778,1395917.494,0.325186849
464,294.1714278,-0.000147935,2.799999952,3.000045778,1300707.729,0.320524752
465,291.461766,-0.000122191,0,3.000045778,664991.1909,0.337383628
466,288.3196091,-5.24E-05,0,3.000045778,310203.8875,0.337715119
467,292.2959599,-9.95E-05,0.100000001,3.000045778,872733.7943,0.343280822
468,295.5169326,-7.82E-05,14.5,3.000045778,721996.191,0.356467366
469,294.6919458,-6.55E-05,2.799999952,3.000045778,357741.6261,0.375389069
470,292.7921902,-7.67E-05,0.100000001,3.000045778,395409.241,0.378833413
471,293.7716338,-0.000175822,0,3.000045778,1399073.248,0.330283165
472,296.1403953,-0.000153017,0,3.000045778,1376311.534,0.329883128
473,294.9583957,-0.000168108,32.90000153,3.000045778,1257467.187,0.348065138
474,289.670908,-4.65E-05,0,3.000045778,179340.8189,0.399940848
475,290.180314,-7.74E-05,0,3.000045778,396886.4024,0.390739143
476,295.3973198,-0.000210505,0,3.000045778,1366374.266,0.344123989
477,295.4470064,-0.000140527,0,3.000045778,863400.8202,0.34661746
478,295.013797,-0.000172118,3.5,3.000045778,989630.9736,0.354876876
479,292.2618302,-6.38E-05,0,3.000045778,166247.7977,0.334286392
480,293.769094,-9.32E-05,0,3.000045778,696548.7292,0.347815782
481,295.8881529,-0.000156782,0.300000012,3.000045778,1384435.921,0.324000448
482,295.6306719,-0.00016621,0,3.000045778,1330586.675,0.338624507
483,294.6711505,-0.000150905,0,3.000045778,1245314.178,0.313223124
484,294.1778569,-0.000129721,0,3.000045778,1028238.6,0.336454153
485,293.1269789,-0.000117936,0.400000006,3.000045778,1040525.897,0.330118686
486,294.4838338,-9.32E-05,0,3.000045778,865482.2749,0.322906107
487,295.0855488,-0.000157608,0,3.000045778,1152185.868,0.341762453
488,295.6162263,-0.000154517,0,3.000045778,1391150.291,0.2960006
489,297.5954327,-0.000146619,0.100000001,3.000045778,1407331.923,0.338668048
490,291.4755766,-4.53E-05,30.70000076,3.000045778,185585.1829,0.317590624
491,291.8108416,-0.000131711,6.900000095,3.000045778,249841.7025,0.444647402
492,292.7885391,-7.33E-05,0,3.000045778,334241.3316,0.403995782
493,294.0503864,-5.13E-05,0,3.000045778,299930.9016,0.403858066
494,296.7032183,-0.000140313,0,3.000045778,1149432.976,0.381008297
495,298.3531919,-0.000157517,0,3.000045778,1282646.074,0.358591855
496,298.2248483,-6.57E-05,0,3.000045778,607381.8975,0.40032351
497,298.5744001,-0.000129752,0,3.000045778,970025.0136,0.371416181
498,300.0531696,-0.000162935,0,3.000045778,1279624.608,0.38105157
499,300.3487489,-0.000105477,0,3.000045778,585224.477,0.356915563
500,301.991341,-0.000174108,0.100000001,3.000045778,1278953.171,0.373711824
501,301.5114612,-0.000153017,0,3.000045778,1114182.534,0.390552253
502,298.914983,-0.000201505,0,3.000045778,1158094.513,0.362031847
503,298.1794478,-0.000163027,0,3.000045778,1154200.179,0.362099111
504,299.9044275,-0.000150476,0,3.000045778,1109079.613,0.336765826
505,300.9060952,-0.000170037,0,3.000045778,1333003.848,0.362269253
506,299.9104597,-0.000159935,0,3.000045778,1254982.87,0.33806327
507,298.3058865,-9.50E-05,0,3.000045778,709708.8941,0.366895854
508,298.9076808,-0.000139609,1.600000024,3.000045778,1200529.331,0.348117948
509,300.7640996,-0.000152802,7.300000191,3.000045778,1230341.133,0.339227915
510,301.0299146,-0.000172884,0,3.000045778,936856.0265,0.362614036
511,302.3633549,-0.000130701,0,3.000045778,952164.7898,0.332733512
512,303.8034705,-0.000168935,6.800000191,3.000045778,1187167.735,0.345669508
513,304.7699766,-0.000109212,1.399999976,3.000045778,592274.5653,0.325182915
514,303.6408384,-0.000134313,81.09999847,3.000045778,786924.1475,0.342963725
515,302.2957305,-0.000197526,11.80000019,3.000045778,891265.4551,0.345712423
516,301.3918484,-0.000161312,5.099999905,3.000045778,786454.1416,0.390134245
517,298.8089428,-7.71E-05,0.200000003,3.000045778,417768.0927,0.385897368
518,301.6224225,-0.000141446,0,3.000045778,696615.8729,0.350536764
519,301.3622429,-0.000175424,0.100000001,3.000045778,1021994.236,0.349488169
520,297.8254512,-0.000134711,12.80000019,3.000045778,708701.7387,0.343052775
521,299.9053799,-0.000188802,0,3.000045778,985065.2021,0.356052577
522,299.4872512,-9.04E-05,30.39999962,3.000045778,499146.2554,0.351887554
523,296.7188544,-6.90E-05,17.5,3.000045778,293552.2503,0.365075767
524,297.5035206,-2.27E-05,49.79999924,3.000045778,111324.2523,0.365015745
525,296.8155289,-6.64E-05,0,3.000045778,338337.0972,0.403134078
526,299.0845204,-0.000217729,0,3.000045778,1211138.035,0.379172474
527,298.5243168,-4.24E-05,1.800000072,3.000045778,178333.6635,0.356741786
528,298.1789716,-5.78E-05,0.200000003,3.000045778,369827.4919,0.402164191
529,300.09984,-0.000119375,0,3.000045778,404205.0655,0.381432235
530,300.8312479,-0.000117905,15.60000038,3.000045778,618729.1825,0.380571276
531,302.1312728,-0.000203924,0,3.000045778,1080543.541,0.345549047
532,300.6271839,-0.000162659,20,3.000045778,943167.5342,0.362861097
533,299.8213256,-8.58E-05,2.700000048,3.000045778,347132.9217,0.377662748
534,300.7829107,-7.95E-05,4.5,3.000045778,470677.3271,0.367599249
535,300.0790447,-7.57E-05,0,3.000045778,326318.3752,0.38416481
536,300.6399627,-0.000171108,15.19999981,3.000045778,1030051.48,0.384978414
537,300.8210883,-0.00021378,0,3.000045778,1039988.748,0.386703044
538,300.6064679,-0.000193546,0,3.000045778,1066174.79,0.367390633
539,299.895776,-0.000129109,0,3.000045778,570452.8633,0.383411855
540,301.4778871,-0.000137742,0,3.000045778,817138.8119,0.358473361
541,302.9484019,-0.000193914,0,3.000045778,1117271.145,0.364086509
542,302.2932699,-0.00020123,0.400000006,3.000045778,1035422.976,0.352662444
543,302.691159,-0.000220423,0,3.000045778,1086855.049,0.3487719
544,303.3588316,-0.00022226,0,3.000045778,1041398.765,0.35727033
545,303.9739603,-0.000180689,0.200000003,3.000045778,914161.4564,0.338941306
546,304.3887555,-0.000198444,0,3.000045778,1100753.795,0.35125789
547,304.6436966,-0.00020475,0,3.000045778,1107669.596,0.318984538
548,304.339069,-0.000194403,7,3.000045778,1093233.701,0.355067641
549,302.3462107,-0.000190026,0,3.000045778,1044823.094,0.359567612
550,301.610358,-0.000160455,0,3.000045778,759596.6622,0.357793838
551,301.2862844,-0.000189506,0,3.000045778,1108945.326,0.341359735
552,302.1858804,-0.00014919,0,3.000045778,1045897.393,0.330636203
553,302.9629268,-0.000140129,0,3.000045778,1000978.259,0.348007709
554,304.5000343,-0.000154272,0,3.000045778,982312.3104,0.352763951
555,305.1083371,-0.000167741,0,3.000045778,814721.6387,0.35708499
556,305.1891372,-0.00020876,0,3.000045778,1041734.484,0.352360189
557,303.8807783,-0.000212709,4.900000095,3.000045778,1029984.336,0.353156358
558,302.267633,-0.00016621,34.40000153,3.000045778,900396.9982,0.375010341
559,301.7590207,-0.000137925,0,3.000045778,759328.0874,0.390147328
560,302.7255268,-0.000155741,0,3.000045778,977276.533,0.376945227
561,302.3193038,-0.000166823,0.600000024,3.000045778,982983.7474,0.377530098
562,302.0334872,-0.000172914,0,3.000045778,982446.5978,0.352442592
563,302.6636171,-0.000173618,0,3.000045778,999769.6721,0.367878228
564,303.5951998,-0.000154853,0.100000001,3.000045778,980700.8617,0.36566937
565,301.5884515,-0.000132385,0,3.000045778,878575.2961,0.384614259
566,300.215008,-0.000115671,44.10000229,3.000045778,719780.4489,0.380688518
567,298.2562794,-6.85E-05,2.600000143,3.000045778,212778.3808,0.394945323
568,295.6348786,-3.66E-05,11.90000057,3.000045778,96754.06967,0.4047589
569,294.9532366,-5.87E-05,10.69999981,3.000045778,222245.6423,0.388971478
570,296.2902486,-0.000132232,0,3.000045778,664454.0413,0.393722504
571,297.8971236,-0.000125742,0,3.000045778,952030.5024,0.390571952
572,299.0341989,-0.000121334,0,3.000045778,775576.8625,0.371583432
573,299.5452717,-0.000112304,0,3.000045778,834529.0298,0.374675512
574,298.7356829,-4.64E-05,0.200000003,3.000045778,151476.184,0.35159111
575,298.7998944,-4.69E-05,158.3000031,3.000045778,160607.727,0.395118028
576,297.0203072,-5.05E-05,8.900000572,3.000045778,179810.8248,0.429869801
577,297.5249509,-5.39E-05,1.399999976,3.000045778,236547.2501,0.39933908
578,299.7300484,-0.000122803,0,3.000045778,629136.4558,0.380376577
579,300.5243979,-0.000111997,0,3.000045778,715214.6774,0.394511789
580,300.5812278,-0.000112763,10.80000019,3.000045778,670698.4053,0.388352096
581,299.7858465,-6.66E-05,0,3.000045778,265889.0464,0.393726051
582,299.5580505,-6.93E-05,3.100000143,3.000045778,353713.0042,0.404732972
583,298.2597717,-0.000112304,0.400000006,3.000045778,563805.6371,0.367454529
584,296.5550318,-4.82E-05,0,3.000045778,174305.0416,0.404199302
585,297.117696,-7.65E-05,0,3.000045778,435024.0232,0.355136484
586,297.3990677,-5.74E-05,33.70000076,3.000045778,235002.9451,0.399484396
587,296.7227436,-1.42E-05,8.300000191,3.000045778,52640.6597,0.387223691
588,297.8776776,-7.15E-05,0,3.000045778,398027.8453,0.370509148
589,298.85601,-9.32E-05,0,3.000045778,733813.4819,0.383463353
590,298.8738686,-0.000115977,0,3.000045778,817944.5363,0.368172765
591,298.2546919,-0.000119222,0,3.000045778,868772.3161,0.373093635
592,300.6318668,-9.53E-05,0,3.000045778,843190.567,0.377107322
593,301.1465906,-8.59E-05,0,3.000045778,526742.3155,0.383979827
594,299.9507804,-0.000133579,5.800000191,3.000045778,829291.8213,0.372744173
595,288.9333885,-0.000124518,11.5,3.000045778,55527.83874,0.41952306
596,290.6116184,-0.00012366,0.400000006,3.000045778,764632.4396,0.377946854
597,293.6115416,-0.000101406,0.600000024,3.000045778,832313.2878,0.386941552
598,291.8369548,-4.96E-05,0.400000006,3.000045778,151879.0462,0.402083695
599,290.7517884,-4.56E-05,1.5,3.000045778,36391.88464,0.386309505
600,291.6027297,-3.00E-05,1.700000048,3.000045778,192836.7024,0.38922599
601,292.2814349,-7.38E-05,3.299999952,3.000045778,589857.3922,0.391098797
602,289.2789718,-2.49E-05,0,3.000045778,87018.23338,0.386854678
603,290.8274294,-5.46E-05,0.200000003,3.000045778,692184.3888,0.3778148
604,293.4701811,-8.91E-05,15,3.000045778,627055.0012,0.375239074
605,290.6608287,-2.18E-05,0.100000001,3.000045778,92859.73516,0.396349669
606,289.2098393,-0.000108661,0,3.000045778,815191.6446,0.368734628
607,288.7989333,-8.80E-05,0,3.000045778,836744.7719,0.357149988
608,289.7232932,-7.67E-05,0,3.000045778,818548.8296,0.357230633
609,291.1755525,-6.77E-05,0.100000001,3.000045778,796122.8342,0.353018403
610,290.2986568,-4.46E-05,0,3.000045778,310606.7497,0.355882794
611,291.7785374,-5.83E-05,0,3.000045778,730053.4348,0.352726012
612,291.8433045,-5.32E-05,0,3.000045778,563134.2001,0.358810991
613,294.8122729,-4.14E-05,2.5,3.000045778,466984.4237,0.369401097
614,291.1433277,-2.39E-05,0,3.000045778,75805.23571,0.385733962
615,291.5648695,-3.54E-05,0.100000001,3.000045778,358211.632,0.365280837
616,290.0477636,-4.79E-05,1.899999976,3.000045778,74059.49955,0.385528266
617,287.8077426,-4.70E-05,0.400000006,3.000045778,100715.5479,0.357389987
618,289.4816071,-3.77E-05,0.200000003,3.000045778,575824.3591,0.365891993
619,290.3050859,-5.37E-05,0.100000001,3.000045778,691445.8081,0.372348517
620,292.0863399,-5.58E-05,0,3.000045778,675599.8953,0.342087239
621,291.2580988,-3.07E-05,0,3.000045778,393596.3612,0.344286472
622,291.1686472,-4.21E-05,0,3.000045778,514857.8808,0.382257313
623,291.1079281,-4.57E-05,0,3.000045778,608120.4782,0.338931441
624,289.5302618,-4.32E-05,0,3.000045778,546012.557,0.365796775
625,291.0282391,-4.35E-05,0.100000001,3.000045778,621213.4994,0.357737273
626,290.4377949,-2.71E-05,1.100000024,3.000045778,261054.7001,0.356167763
627,290.9235482,-2.83E-05,0,3.000045778,168194.965,0.387494087
628,285.1358616,-4.02E-05,1,3.000045778,137107.4325,0.36892423
629,283.8068661,-7.58E-05,0,3.000045778,580390.1307,0.374637425
630,281.6387556,-5.61E-05,0,3.000045778,556285.5429,0.368277043
631,282.1033961,-3.67E-05,0,3.000045778,583008.7349,0.335930288
632,283.1949122,-4.11E-05,0,3.000045778,557024.1235,0.353215247
633,283.4815225,-3.08E-05,0.100000001,3.000045778,555546.9622,0.339195937
634,285.1304643,-2.73E-05,0,3.000045778,546146.8444,0.330002874
635,287.1047497,-2.80E-05,0.300000012,3.000045778,482494.6181,0.342430532
636,284.1167322,-3.41E-05,0.5,3.000045778,286569.3056,0.350905508
637,284.9703721,-2.54E-05,0.200000003,3.000045778,433681.1492,0.350967675
638,285.1580856,-2.39E-05,0.100000001,3.000045778,487597.5392,0.343640327
639,284.7731341,-2.24E-05,0,3.000045778,456912.8689,0.34440884
640,284.8806824,-1.62E-05,0,3.000045778,465842.9808,0.326091766
641,287.2847642,-2.23E-05,0,3.000045778,434285.4425,0.341987073
642,283.0718865,-4.92E-05,0,3.000045778,459732.9043,0.332224935
643,285.9548956,-2.73E-05,0,3.000045778,453622.8277,0.336019695
644,288.6155059,-3.34E-05,0.600000024,3.000045778,426362.4861,0.331960708
645,283.5897058,-2.71E-05,0.100000001,3.000045778,205123.9992,0.335435212
646,285.3757221,-3.68E-05,0,3.000045778,429383.9525,0.333039969
647,288.2774629,-2.24E-05,1.600000024,3.000045778,397222.1209,0.326477975
648,284.1582435,-2.48E-05,3.5,3.000045778,209219.7648,0.353551298
649,281.3215079,-4.41E-05,0,3.000045778,47067.73271,0.357591987
650,282.9260018,-1.71E-05,0,3.000045778,346192.91,0.356224775
651,281.6514551,-5.96E-06,0,3.000045778,337934.235,0.339197606
652,282.9906895,-1.40E-05,0,3.000045778,346058.6226,0.342560798
653,283.302778,-1.37E-05,0,3.000045778,316381.1078,0.344406277
654,281.0906164,-1.65E-05,0,3.000045778,287442.1737,0.341508865
655,281.306348,-1.23E-05,0,3.000045778,282070.6778,0.335551441
656,283.2024525,-3.11E-06,0,3.000045778,263270.4422,0.327021301
657,282.700825,-4.28E-06,0,3.000045778,239300.1418,0.338747829
658,283.0690291,-1.93E-05,0,3.000045778,231914.3349,0.332357854
659,285.8361559,-8.07E-06,0.100000001,3.000045778,220768.481,0.346546322
660,281.6925695,-1.46E-05,0,3.000045778,203579.6941,0.327784359
661,271.2999896,-1.82E-05,0,3.000045778,64122.23216,0.337392777
662,271.6835918,-1.31E-05,0,3.000045778,128647.3265,0.35217309
663,272.4897676,-1.20E-05,0,3.000045778,116494.3171,0.33514154
664,274.9371862,-8.56E-06,0,3.000045778,138316.0191,0.284704715
665,270.6649386,-1.23E-05,0.100000001,3.000045778,135764.5586,0.304221898
666,272.60952,-1.06E-05,0,3.000045778,130771.824,0.323618382
667,273.5357158,-7.84E-06,0,3.000045778,77138.68676,0.313478649
668,273.317351,-4.39E-06,0,3.000045778,125503.0775,0.328182191
669,272.9941582,-6.86E-06,0,3.000045778,69640.85524,0.352270126
670,270.3249951,-1.21E-05,0,3.000045778,127732.1626,0.316561162
671,271.0367773,-6.06E-06,0,3.000045778,127461.9704,0.18636553
672,273.2377623,-3.00E-06,0,3.000045778,126854.0381,0.280442476
673,270.7422106,-6.64E-06,0,3.000045778,127124.2303,0.286494166
674,276.0494915,-6.67E-06,0,3.000045778,117262.2176,0.308511585
675,270.5463435,-6.45E-06,0,3.000045778,128475.1909,0.315224737
676,270.139127,-5.75E-06,0,3.000045778,143335.7579,0.319815725
677,273.2174418,-5.64E-06,1.899999976,3.000045778,123679.2806,0.324115902
678,273.4566916,-7.64E-06,0,3.000045778,159006.9013,0.290581673
679,274.0559046,-5.00E-06,0,3.000045778,188255.199,0.28809455
680,278.8889597,-3.84E-06,0,3.000045778,200954.229,0.324200273
681,282.6939745,-1.02E-05,3.900000095,3.000045778,202980.6699,0.286914468
682,282.5111706,-1.02E-05,0,3.000045778,196833.799,0.29815045
683,283.2421444,-9.92E-06,0,3.000045778,180892.4636,0.298805743
684,275.5959894,-1.66E-05,0,3.000045778,28504.10389,0.333217055
685,274.2688668,-4.14E-06,0,3.000045778,251277.5126,0.336753398
686,275.0818483,-1.14E-05,0,3.000045778,203791.2463,0.332636684
687,274.7311583,-1.07E-05,0,3.000045778,70991.81587,0.33792755
688,275.607843,-5.06E-07,0,3.000045778,149617.7248,0.333625346
689,279.1085341,-8.61E-06,0,3.000045778,344831.5366,0.319417983
690,280.5379849,-8.86E-06,2.600000143,3.000045778,356044.5099,0.329560399
691,282.9523353,-6.56E-06,2,3.000045778,357192.8265,0.33200264
692,281.7156873,-2.26E-05,2.5,3.000045778,264516.9269,0.345351368
693,277.0909981,-3.30E-05,0,3.000045778,62953.60009,0.370241702
694,276.1965732,-3.72E-05,0,3.000045778,83555.74978,0.360686481
695,279.5977583,-2.02E-05,0,3.000045778,487425.4317,0.334422946
696,281.8038235,-1.33E-05,0,3.000045778,131514.8523,0.330274969
697,282.4948013,-3.36E-05,6.400000095,3.000045778,462837.9481,0.326975733
698,279.4619657,-2.27E-05,0,3.000045778,383198.8187,0.314557582
699,280.7087739,-2.53E-05,0,3.000045778,599420.0684,0.288345069
700,285.813011,-2.68E-05,0,3.000045778,601919.3455,0.29120338
701,288.4889475,-2.63E-05,0,3.000045778,608944.3408,0.320162475
702,279.7922546,-5.31E-05,0,3.000045778,330849.0941,0.321573973
703,279.6816207,-4.77E-05,0,3.000045778,691690.6797,0.2967875
704,284.8787515,-3.23E-05,1.5,3.000045778,701687.7884,0.316174209
705,285.2743563,-4.72E-05,0.699999988,3.000045778,418661.5354,0.321555942
706,281.1895313,-3.43E-05,0.699999988,3.000045778,103347.3231,0.362024993
707,277.6529568,-5.31E-05,2.799999952,3.000045778,57887.49771,0.376404583
708,281.8475287,-6.03E-05,0.100000001,3.000045778,797741.0896,0.332209677
709,283.3738245,-5.94E-05,0,3.000045778,771937.7415,0.318617225
710,282.9624955,-5.29E-05,0,3.000045778,907911.9294,0.322786987
711,288.5537796,-5.76E-05,0,3.000045778,924191.0051,0.32303229
712,291.0879564,-5.45E-05,0,3.000045778,777881.9683,0.300583065
713,282.1523363,-2.76E-05,0.400000006,3.000045778,358611.3351,0.336751819
714,281.5475593,-8.82E-05,0,3.000045778,545246.5469,0.342437834
715,286.5653536,-3.85E-05,0,3.000045778,971136.8871,0.327506661
716,282.9554801,-1.56E-05,0,3.000045778,76598.30251,0.314195424
717,287.2288342,-6.49E-05,0.100000001,3.000045778,971947.4635,0.336775213
718,289.6286699,-7.45E-05,0,3.000045778,1000317.637,0.320280641
719,291.0881177,-6.81E-05,0,3.000045778,1007410.18,0.300728977
720,287.2180289,-7.20E-05,0.100000001,3.000045778,1093398.825,0.298204511
721,289.2796733,-9.55E-05,0,3.000045778,1136224.277,0.312174976
722,291.360348,-6.84E-05,0,3.000045778,937430.4193,0.29042545
723,294.4736592,-7.12E-05,0,3.000045778,1034429.393,0.30132553
724,295.7444166,-6.04E-05,0.200000003,3.000045778,853738.4079,0.282464117
725,288.7584362,-9.31E-05,0.200000003,3.000045778,593881.1297,0.304343045
726,291.4595314,-8.20E-05,0,3.000045778,1175199.491,0.286233753
727,287.6848361,-9.11E-05,0.200000003,3.000045778,1191411.019,0.282557249
728,288.2055087,-8.12E-05,0,3.000045778,1217214.367,0.277678907
729,292.5451464,-7.90E-05,0.200000003,3.000045778,1228292.244,0.279871702
730,290.6556618,-2.17E-05,0,3.000045778,142187.4414,0.310619593
731,288.9375308,-7.12E-05,0,3.000045778,1003222.202,0.290828407
732,291.8748922,-7.53E-05,0.300000012,3.000045778,1222820.853,0.273521066
733,297.701233,-8.83E-05,0,3.000045778,1225928.063,0.285599113
734,296.3477421,-0.000117019,6.5,3.000045778,1215323.022,0.2941508
735,291.4184872,-9.44E-05,0.200000003,3.000045778,1179387.469,0.276726604
736,294.5392977,-6.51E-05,0.100000001,3.000045778,1283681.63,0.278910339
737,296.5431254,-9.75E-05,3.400000095,3.000045778,1099005.311,0.29904905
738,295.5428243,-0.000145418,0,3.000045778,1314010.696,0.33065778
739,293.0581586,-0.000111744,13.69999981,3.000045778,1090021.423,0.275638223
740,290.6746115,-0.000103444,0.200000003,3.000045778,980053.2273,0.366021752
741,290.6300999,-8.55E-05,0,3.000045778,1068000.765,0.327668309
742,294.6143707,-7.82E-05,0,3.000045778,1278547.98,0.287647128
743,298.2875441,-9.06E-05,0.100000001,3.000045778,1279898.94,0.285542905
744,301.1164489,-8.16E-05,0,3.000045778,1203839.857,0.286622703
745,302.9640023,-0.000104804,0,3.000045778,1229508.109,0.302302629
746,301.936204,-9.33E-05,0,3.000045778,1000452.733,0.274755657
747,298.9175605,-9.06E-05,13.69999981,3.000045778,990320.5282,0.305830002
748,290.941923,-9.43E-05,0,3.000045778,206830.9077,0.379053414
749,292.9692967,-0.000130011,0.200000003,3.000045778,1128388.705,0.341131598
750,294.8280585,-0.000153164,0.699999988,3.000045778,1436948.114,0.288450897
751,293.6556782,-0.000119379,0.100000001,3.000045778,997750.8117,0.27984786
752,295.5701602,-0.000133759,0,3.000045778,1379599.835,0.262229323
753,296.0478534,-9.76E-05,0,3.000045778,1036455.834,0.269458592
754,299.2681698,-0.000115187,0,3.000045778,1370953.687,0.278936476
755,300.3682995,-0.000148916,0,3.000045778,1318266.222,0.277935684
756,301.6461529,-0.000151554,0,3.000045778,1378046.23,0.276054561
757,301.1016924,-0.000140643,0,3.000045778,1376087.338,0.271685511
758,292.4416086,-8.98E-05,0.300000012,3.000045778,988766.9234,0.31281817
759,288.1980901,-5.24E-05,0,3.000045778,237024.8779,0.401947528
760,292.8018944,-0.000118351,0,3.000045778,1173713.434,0.325919271
761,290.2298182,-5.97E-05,0.100000001,3.000045778,259721.0166,0.31267345
762,292.4279809,-0.000106609,0,3.000045778,1317523.194,0.305927455
763,293.8654149,-0.000103222,0,3.000045778,1175334.587,0.319920093
764,293.9829029,-0.000102195,0.100000001,3.000045778,1390542.616,0.321121752
765,296.7335092,-0.000122294,0.100000001,3.000045778,1475990.877,0.275215119
766,296.7130274,-6.61E-05,1,3.000045778,451219.6867,0.325088948
767,292.0553577,-5.19E-05,11.69999981,3.000045778,113884.816,0.29488036
768,298.0614382,-0.000115714,0,3.000045778,1286518.647,0.306816697
769,298.0886128,-0.000128623,0,3.000045778,1406956.788,0.330873311
770,300.4753047,-0.000114132,20.80000114,3.000045778,1412428.179,0.327835888
771,297.2220884,-0.000123432,0.200000003,3.000045778,825098.0425,0.325285465
772,298.1211095,-9.11E-05,0.900000036,3.000045778,889538.8648,0.314606667
773,294.9215167,-7.92E-05,0,3.000045778,271474.3741,0.365876019
774,298.3898724,-5.27E-05,0,3.000045778,495666.2916,0.340734601
775,302.2151271,-0.000129206,0,3.000045778,1398783.476,0.341068923
776,303.0031112,-0.000118462,1.700000048,3.000045778,1200462.455,0.335584998
777,295.734337,-5.60E-05,1.100000024,3.000045778,195617.9345,0.406392902
778,296.7615709,-0.000187615,2,3.000045778,1086238.733,0.384693265
779,299.5573339,-0.000150832,0,3.000045778,1126092.072,0.331963271
780,298.5530815,-0.000133703,37.90000153,3.000045778,985524.6179,0.317348778
781,292.8098774,-0.000110273,21.89999962,3.000045778,232228.9677,0.362141222
782,293.1196845,-7.73E-05,0,3.000045778,224798.6842,0.397131532
783,295.9941492,-0.000110301,0,3.000045778,746472.1335,0.358732522
784,296.4527314,-7.76E-05,24.10000038,3.000045778,343615.6721,0.390177369
785,292.9659905,-6.52E-05,13.40000057,3.000045778,172043.6714,0.411168635
786,295.5854006,-0.000200857,0.200000003,3.000045778,1312119.351,0.389325023
787,297.6518832,-0.000158188,19.5,3.000045778,1167971.852,0.369232863
788,297.1587077,-6.17E-05,6.900000095,3.000045778,245400.8339,0.430471271
789,301.2696591,-0.000153164,0.5,3.000045778,978026.7864,0.407335579
790,301.5114086,-0.000179453,22.5,3.000045778,960937.1343,0.398952395
791,296.4965173,-0.000118379,22.39999962,3.000045778,717021.1917,0.412914783
792,291.9194845,-9.65E-05,15.60000038,3.000045778,70991.81587,0.412489027
793,295.6279769,-0.000222732,0,3.000045778,1325088.574,0.400593251
794,298.4851046,-0.00018359,0,3.000045778,1174051.175,0.380826086
795,298.638476,-0.000147251,8.400000572,3.000045778,963774.1517,0.399138004
796,300.4842554,-0.000154663,0,3.000045778,923110.2366,0.384240299
797,300.2536338,-0.000162214,0,3.000045778,847253.7969,0.385362238
798,301.1852322,-0.000107775,0,3.000045778,480670.6285,0.392167896
799,302.516306,-0.000243914,0,3.000045778,1221402.345,0.356079012
800,302.4301858,-0.000252159,0.400000006,3.000045778,1142506.244,0.366232961
801,301.9916015,-0.000170181,6.099999905,3.000045778,931418.6445,0.356671721
802,302.1168307,-0.000110273,4.400000095,3.000045778,598069.1077,0.396948099
803,303.2463928,-0.00013598,14.10000038,3.000045778,702093.0766,0.314275414
804,300.3908778,-0.000199746,0.900000036,3.000045778,1095087.525,0.391729355
805,296.4195896,-9.46E-05,0,3.000045778,122328.32,0.353822857
806,300.069459,-0.000114965,0,3.000045778,851779.515,0.343683422
807,300.951627,-0.000130372,0.900000036,3.000045778,836446.1118,0.352980912
808,299.6702256,-0.000119268,17.5,3.000045778,612254.1944,0.328988075
809,298.4249495,-0.000103583,5.800000191,3.000045778,439331.2331,0.399469227
810,296.9810646,-0.000102639,6.599999905,3.000045778,507352.1011,0.320642203
811,295.8344881,-0.000103,1.700000048,3.000045778,271744.5663,0.392116636
812,295.9674584,-0.000100696,1.200000048,3.000045778,384617.3273,0.380352706
813,297.6567214,-7.42E-05,2.600000143,3.000045778,260396.4969,0.388128102
814,298.3904368,-5.01E-05,30,3.000045778,216220.0842,0.333687544
815,298.7116137,-6.02E-05,38,3.000045778,337603.8972,0.384467304
816,297.6348688,-3.18E-05,5.300000191,3.000045778,170152.3265,0.400364339
817,297.9375798,-0.000181369,0,3.000045778,934255.6618,0.373640329
818,300.8573625,-0.000110912,0,3.000045778,791661.7668,0.367691189
819,302.4386527,-0.000193195,0,3.000045778,1177428.576,0.349104434
820,303.019803,-0.000189919,1.899999976,3.000045778,1115014.195,0.343840688
821,303.3288037,-0.000218096,0,3.000045778,1121566.354,0.363920361
822,303.4569358,-0.000236974,6,3.000045778,1131833.655,0.364479095
823,303.1578534,-0.000171097,31.80000114,3.000045778,785717.54,0.373323679
824,302.2302062,-0.000189281,4.099999905,3.000045778,752416.3603,0.367059976
825,303.1359202,-0.000163713,0,3.000045778,930810.7122,0.380448371
826,303.7785159,-0.000199025,0,3.000045778,1097249.062,0.371085197
827,302.8120017,-0.00019883,23.30000114,3.000045778,1021595.267,0.373975635
828,301.6964704,-0.000168043,0,3.000045778,908384.7656,0.322484404
829,301.0662121,-0.000146168,0,3.000045778,730463.25,0.340936363
830,300.5995662,-0.000155995,11.40000057,3.000045778,731476.4704,0.357344657
831,298.7827355,-7.25E-05,0,3.000045778,273433.2671,0.398644835
832,299.3431622,-0.00010597,0,3.000045778,540991.0209,0.385672539
833,300.7297142,-0.000128956,0,3.000045778,743364.924,0.356178999
834,300.3170144,-0.000172291,0.5,3.000045778,953506.8509,0.371283561
835,299.9915637,-0.000166739,0.600000024,3.000045778,737353.1492,0.357251823
836,300.1063101,-0.000125347,0.400000006,3.000045778,799227.1463,0.379079849
837,301.3635205,-0.000154774,0,3.000045778,926622.7342,0.378307074
838,301.1161264,-0.000149805,72.30000305,3.000045778,827394.6756,0.357769698
839,299.740541,-2.51E-05,3.299999952,3.000045778,58022.59377,0.386123657
840,300.6494805,-0.000101056,0,3.000045778,413865.6251,0.376901984
841,300.8977616,-0.000153441,5,3.000045778,752551.4564,0.346321076
842,301.9498316,-0.000175289,0.400000006,3.000045778,894942.7073,0.356760144
843,302.67,-0.000163657,0.800000012,3.000045778,723978.6389,0.369087219
844,302.17118,-0.000244192,1.700000048,3.000045778,880622.5246,0.361907601
845,301.66478,-8.75E-05,2.299999952,3.000045778,342332.2595,0.355076939
846,302.7733766,-0.000160576,9.900000572,3.000045778,875286.2301,0.354719549
847,301.7667858,-0.000142531,0,3.000045778,910343.6586,0.354144245
848,299.6515178,-0.000152608,0,3.000045778,734313.4878,0.387965649
849,298.2338399,-7.00E-05,7.700000286,3.000045778,246549.1504,0.35448879
850,296.3520965,-5.74E-05,7.700000286,3.000045778,174610.4966,0.412488967
851,294.1374839,-8.24E-05,22.30000114,3.000045778,340508.4626,0.336817473
852,294.0316076,-0.000119101,0,3.000045778,169949.6824,0.39860341
853,295.9039165,-0.000122044,0.400000006,3.000045778,674465.9316,0.405978233
854,297.6014045,-5.74E-05,0,3.000045778,220408.0621,0.402122319
855,299.0101317,-6.82E-05,0,3.000045778,324634.6751,0.390275657
856,299.8284352,-6.97E-05,0.900000036,3.000045778,452232.9071,0.378205121
857,299.8183556,-0.000139144,2.400000095,3.000045778,721952.198,0.374084324
858,297.7836439,-6.94E-05,21.30000114,3.000045778,300114.7396,0.373335242
859,298.4065642,-6.62E-05,0.300000012,3.000045778,235673.9173,0.386380434
860,299.5669297,-9.71E-05,0,3.000045778,578277.5344,0.373556942
861,298.8249893,-0.000120295,0,3.000045778,856778.0694,0.342891932
862,297.2274104,-0.000137895,0,3.000045778,912775.3877,0.352499455
863,297.4123915,-0.000127762,0,3.000045778,926960.4744,0.336985618
864,295.5451628,-8.77E-05,0,3.000045778,319906.3129,0.375539482
865,295.4726702,-4.76E-05,5.900000095,3.000045778,235403.7252,0.35814026
866,295.9949556,-7.94E-05,0,3.000045778,213112.8747,0.390887856
867,295.0096529,-6.80E-05,0,3.000045778,249183.5237,0.382904708
868,293.3772389,-4.78E-05,1.399999976,3.000045778,132122.7846,0.413244754
869,294.9932836,-4.76E-05,0,3.000045778,132190.3327,0.39043206
870,296.7687475,-7.53E-05,0,3.000045778,440141.8095,0.379443526
871,298.926995,-8.04E-05,0,3.000045778,586923.6825,0.365429848
872,299.7563458,-0.000106498,0,3.000045778,814628.0975,0.349061966
873,300.3128213,-0.000126097,0,3.000045778,849955.7182,0.373682857
874,301.0707278,-0.000120267,0,3.000045778,882243.6773,0.357519239
875,299.1502786,-6.51E-05,0,3.000045778,440547.0976,0.389572561
876,296.3541931,-8.58E-05,0,3.000045778,467498.7623,0.339970201
877,290.615424,-8.14E-05,0,3.000045778,87135.79546,0.363749921
878,287.0461109,-0.00011416,0,3.000045778,557135.0005,0.397957772
879,290.5373675,-8.23E-05,0,3.000045778,421363.4566,0.320390135
880,290.4651974,-0.000108524,0.5,3.000045778,834149.4787,0.370844305
881,290.8172583,-6.26E-05,0.300000012,3.000045778,381104.8297,0.339640498
882,291.8631192,-8.63E-05,0.200000003,3.000045778,848739.8536,0.35313189
883,292.9803439,-8.92E-05,0.100000001,3.000045778,863465.3245,0.342887282
884,294.684928,-9.51E-05,0,3.000045778,792810.0833,0.340925127
885,295.3222016,-4.70E-05,0,3.000045778,411771.6361,0.374811023
886,296.3305665,-5.34E-05,0,3.000045778,517146.5657,0.369293094
887,297.2778085,-4.10E-05,0,3.000045778,273568.3631,0.372813314
888,292.1270439,-5.13E-05,20.5,3.000045778,194469.6179,0.342876822
889,291.6261273,-6.31E-05,17.20000076,3.000045778,108886.2617,0.382294297
890,291.5880667,-4.87E-05,13.80000019,3.000045778,199738.3644,0.37335065
891,288.3640409,-6.27E-05,7.900000095,3.000045778,94768.72305,0.398189783
892,287.7206389,-6.75E-05,0.600000024,3.000045778,262693.13,0.364484549
893,290.092171,-8.25E-05,0,3.000045778,775382.6911,0.358819187
894,290.4909206,-6.12E-05,0.300000012,3.000045778,663860.8907,0.342016816
895,291.2243135,-4.93E-05,0,3.000045778,588950.1234,0.341305435
896,291.5921792,-5.36E-05,0,3.000045778,769438.4643,0.337560475
897,292.668279,-5.65E-05,0,3.000045778,756874.5304,0.338218272
898,293.6562427,-6.13E-05,0,3.000045778,742621.8957,0.356650442
899,295.9725385,-4.76E-05,0,3.000045778,668386.6088,0.339227498
900,293.7405083,-8.07E-05,0,3.000045778,234728.2449,0.356609881
901,291.2765662,-9.81E-05,2.200000048,3.000045778,227703.2496,0.361840755
902,290.6781596,-3.54E-05,0.200000003,3.000045778,199805.9124,0.357718647
903,290.7262998,-5.41E-05,0.600000024,3.000045778,606445.0637,0.336125523
904,289.1000948,-0.00010225,0.300000012,3.000045778,609079.4369,0.338600457
905,288.8081085,-6.72E-05,0.200000003,3.000045778,501813.1625,0.338735551
906,290.8713656,-4.18E-05,0.100000001,3.000045778,691420.4876,0.326096296
907,289.8092966,-4.41E-05,0,3.000045778,660821.2292,0.335778087
908,289.752125,-4.81E-05,0.300000012,3.000045778,676222.1805,0.322459728
909,291.291726,-4.74E-05,0,3.000045778,548826.5926,0.335930526
910,291.8018352,-2.50E-05,0,3.000045778,519443.1987,0.321655363
911,292.8253597,-4.49E-05,0.400000006,3.000045778,580574.1675,0.304784715
912,292.2479187,-3.81E-05,10.90000057,3.000045778,335037.072,0.337354302
913,287.0383698,-7.44E-05,0,3.000045778,65182.68514,0.362647891
914,286.0637112,-6.11E-05,0,3.000045778,606580.1597,0.346242666
915,287.3411615,-4.69E-05,0,3.000045778,575575.6131,0.335582018
916,288.563698,-3.89E-05,0,3.000045778,478576.6395,0.339237571
917,288.2750178,-3.55E-05,0,3.000045778,151103.7815,0.342209369
918,287.3858343,-2.51E-05,0,3.000045778,52281.01108,0.377188236
919,288.5979687,-2.21E-05,0,3.000045778,234052.7645,0.386057824
920,287.3705133,-3.48E-05,0.200000003,3.000045778,306464.2546,0.372959703
921,290.2332856,-2.95E-05,0.600000024,3.000045778,493437.2065,0.339726627
922,291.6129835,-2.87E-05,0,3.000045778,475334.334,0.351092875
923,292.332023,-3.87E-05,3.299999952,3.000045778,79908.15607,0.356379747
924,292.9518791,-1.32E-05,7.700000286,3.000045778,112061.0192,0.369894832
925,292.3172664,-8.78E-06,4.099999905,3.000045778,28233.91177,0.370637715
926,290.4585046,-1.74E-05,0,3.000045778,119288.6586,0.3718521
927,289.0837255,-3.37E-05,1.200000048,3.000045778,163735.2635,0.384227037
928,286.7637204,-4.30E-05,0,3.000045778,80921.37654,0.381638914
929,285.4369204,-2.59E-05,0.200000003,3.000045778,70924.26784,0.360426366
930,284.0273062,-3.20E-05,0,3.000045778,339562.7902,0.358549625
931,284.2705878,-1.62E-05,0,3.000045778,426969.9433,0.349087983
932,286.1741838,-1.88E-05,0.100000001,3.000045778,406232.6975,0.335275829
933,286.8216984,-2.01E-05,0.300000012,3.000045778,359827.1997,0.342978656
934,287.9960946,-2.33E-05,0,3.000045778,351518.7918,0.34137544
935,290.4381034,-1.59E-05,0,3.000045778,343750.7681,0.34219566
936,291.882714,-1.50E-05,0,3.000045778,309436.368,0.342972726
937,290.0765274,-1.34E-05,2.100000143,3.000045778,225474.1645,0.343971968
938,284.9760803,-3.10E-05,0,3.000045778,71194.45997,0.341677696
939,283.064985,-1.98E-05,0,3.000045778,332064.9586,0.338130593
940,284.3046972,-2.24E-05,0,3.000045778,306464.2546,0.334355891
941,284.6595803,-2.04E-05,0,3.000045778,275121.9679,0.327501059
942,279.96006,-2.25E-05,0,3.000045778,310517.1365,0.303489715
943,281.4854689,-1.92E-05,0.600000024,3.000045778,247157.0827,0.318929791
944,283.3387474,-1.47E-05,0,3.000045778,204804.4668,0.317248225
945,285.1400152,-1.38E-05,0,3.000045778,272892.8828,0.310478628
946,287.0059537,-6.45E-06,0,3.000045778,242766.4606,0.333228886
947,289.4907001,-1.04E-05,0,3.000045778,250534.4843,0.334410369
948,286.547049,-6.14E-06,0,3.000045778,50389.66619,0.349657923
949,276.3149482,-4.94E-05,1.200000048,3.000045778,21816.84875,0.39474982
950,276.7399049,-2.07E-05,0,3.000045778,229662.1425,0.358053803
951,277.2894455,-6.42E-06,0,3.000045778,243441.941,0.342765689
952,277.712225,-9.22E-06,0,3.000045778,236281.8496,0.343751758
953,280.7558659,-1.13E-05,0,3.000045778,200278.7487,0.343091875
954,282.1050024,-8.70E-06,14.80000019,3.000045778,202575.3817,0.348151803
955,284.1463263,-4.28E-06,0,3.000045778,156710.2682,0.354431063
956,280.1153668,-1.37E-05,0,3.000045778,20871.17631,0.390158474
957,276.306562,-4.59E-05,0,3.000045778,48295.6772,0.364656031
958,272.8693322,-1.42E-05,0,3.000045778,193591.4935,0.354128808
959,272.7268467,-1.02E-05,0,3.000045778,196833.799,0.344026685
960,273.4636264,-4.73E-06,0,3.000045778,196833.799,0.298768818
961,274.8673541,-2.95E-06,0,3.000045778,183594.3848,0.351352781
962,275.2491699,-5.34E-06,0,3.000045778,177785.2541,0.312719047
963,278.2421709,-3.56E-06,0,3.000045778,175623.7171,0.335740089
964,274.7164824,-5.98E-06,0,3.000045778,159547.2855,0.333122939
965,272.4175235,-6.36E-06,0,3.000045778,168058.3375,0.332415223
966,272.6502417,-1.21E-05,0,3.000045778,69843.49933,0.254387885
967,276.6893455,-5.31E-06,0,3.000045778,145632.391,0.244804874
968,273.5730507,-4.42E-06,0,3.000045778,141579.5091,0.227027953
969,273.4111317,-4.81E-06,0,3.000045778,143943.6902,0.234042317
970,274.0924332,-2.73E-06,0,3.000045778,127056.6822,0.257813483
971,277.8037479,-6.34E-06,0,3.000045778,135905.4744,0.263133258
972,278.126215,-9.97E-06,0,3.000045778,68560.08673,0.320504725
973,278.8329977,0,0,3.000045778,123409.0885,0.317350835
974,278.901781,0,0,3.000045778,93215.11832,0.290469617
975,276.2286667,-6.59E-06,0,3.000045778,110304.7704,0.297798485
976,278.0519484,-1.14E-06,0,3.000045778,114019.9121,0.275116056
